Word,Beats
Wind,Fire
Wind,Rock
Wind,Tsunami
Wind,Volcano
Wind,Nuclear Bomb
Water,Fire
Water,Earthquake
Water,Tsunami
Water,Volcano
Water,Sandstorm
Fire,Paper
Fire,Coal
Fire,Feather
Fire,Leaf
Fire,Twig
Fire,Rock
Rock,Feather
Rock,Coal
Rock,Pebble
Rock,Leaf
Rock,Paper
Flame,Paper
Flame,Wood
Flame,Feather
Flame,Coal
Gun,Shadow
Gun,Virus
Gun,Disease
Gun,Bacteria
Sword,Feather
Sword,Paper
Sword,Leaf
Sword,Stone
Shield,Arrow
Shield,Gun
Shield,Laser
Shield,Explosion
Explosion,Peace
Explosion,Shadow
Explosion,Virus
Explosion,Bacteria
Nuclear Bomb,Peace
Nuclear Bomb,Leaf
Nuclear Bomb,Feather
Nuclear Bomb,Twig
Nuclear Bomb,Coal
Tsunami,Rock
Tsunami,Volcano
Tsunami,Earthquake
Tsunami,Nuclear Bomb
Supernova,Earth
Supernova,Moon
Supernova,Tectonic Shift
Supernova,Plague
Cure,Virus
Vaccine,Virus
Virus,Light
Entropy,Rebirth
Gun,Tiger
Gun,Tiger
Gun,Lion
Wind,Candle
Nuclear Bomb,Hammer
Supernova,Hammer
Virus,Lion
Sword,Tiger
Gun,Cheetah
Explosion,Lion
Tsunami,Feather
Wind,Coal
Gun,Arrow
Supermassive Black Hole,Neutron Star
Entropy,Human Spirit
Supermassive Black Hole,Shadow
Shield,Storm
Sword,Rope
Supernova,Gravity
Supernova,Sandstorm
Supernova,Thunder
Supernova,Feather
Apocalyptic Meteor,Tectonic Shift
Supernova,Wind
Entropy,Sandstorm
Supernova,Neutron Star
Entropy,Robots
Entropy,Volcano
Entropy,Bacteria
Supernova,Light
Supernova,Tsunami
Entropy,Logic
Nuclear Bomb,Thunder
Supernova,Whale
Apocalyptic Meteor,Vaccine
Apocalyptic Meteor,Antimatter
Supernova,Echo
Enlightenment,Fate
Supernova,Rock
Time,desire
Enlightenment,madness
Water,ember
Flame,dark
Time,past
Supernova,void
Sword,demon
Time,ritual
Flame,forest
Tsunami,ember
Paper,stone
Water,fire
Laser,noise
Sword,claw
Karma,control
Flame,tree
Supernova,calm
Water,rage
Time,noise
Shield,charge
Entropy,man
Apocalyptic Meteor,peace
Time,phantom
Time,banishment
Flame,demon
Time,stone
Human Spirit,robot
Gun,shield
Enlightenment,illusion
Sword,charge
Gun,bow
Shield,scanner
Time,king
Peace,battery
Supernova,shield
Time,chance
Water,torch
Time,reality
Feather,air
Feather,dust
Feather,foam
Feather,ash
Feather,snowflake
Feather,pollen
Coal,wood
Coal,firewood
Coal,organic matter
Coal,leaves
Coal,peat
Pebble,sand
Pebble,dirt
Pebble,mud
Pebble,clay
Pebble,dust
Leaf,insect
Leaf,dewdrop
Leaf,sunlight
Leaf,shade
Leaf,paper
Paper,ink
Paper,pencil
Paper,book
Paper,newspaper
Paper,flyer
Rock,brick
Rock,glass
Rock,shell
Rock,ice
Rock,wood
Water,fire
Water,thirst
Water,smoke
Water,heat
Water,paint
Twig,grass
Twig,string
Twig,thread
Twig,cobweb
Twig,feather
Sword,stick
Sword,rope
Sword,paper
Sword,vegetable
Sword,fabric
Shield,arrow
Shield,sword
Shield,bullet
Shield,wind
Shield,snow
Gun,knife
Gun,bow
Gun,spear
Gun,hammer
Gun,stick
Flame,wood
Flame,paper
Flame,cloth
Flame,oil
Flame,straw
Rope,hair
Rope,string
Rope,vine
Rope,net
Rope,wire
Disease,body
Disease,health
Disease,organism
Disease,happiness
Disease,productivity
Cure,illness
Cure,infection
Cure,poison
Cure,wound
Cure,plague
Bacteria,food
Bacteria,meat
Bacteria,water
Bacteria,plant
Bacteria,skin
Shadow,sunlight
Shadow,candle
Shadow,brightness
Shadow,fire
Shadow,moonlight
Light,darkness
Light,shadow
Light,ignorance
Light,night
Light,fear
Virus,cell
Virus,computer
Virus,humanbody
Virus,database
Virus,software
Time,space
Time,clock
Time,memory
Time,eternity
Time,fate
Fate,choice
Fate,freedom
Fate,destiny
Fate,luck
Fate,fortune
Earthquake,building
Earthquake,landslide
Earthquake,destruction
Earthquake,damage
Earthquake,fault
Storm,wind
Storm,rain
Storm,lightning
Storm,thunder
Storm,cloud
Vaccine,virus
Vaccine,disease
Vaccine,immunity
Vaccine,illness
Vaccine,prevention
Logic,emotion
Logic,illusion
Logic,confusion
Logic,belief
Logic,fallacy
Gravity,flight
Gravity,weightlessness
Gravity,fall
Gravity,space
Gravity,orbit
Robots,human
Robots,emotion
Robots,creativity
Robots,thought
Robots,consciousness
Stone,pebble
Stone,rock
Stone,gravel
Stone,brick
Stone,coal
Echo,sound
Echo,noise
Echo,reflection
Echo,voice
Echo,repeat
Thunder,lightning
Thunder,storm
Thunder,rumble
Thunder,boom
Thunder,noise
Karma,action
Karma,consequence
Karma,good
Karma,bad
Karma,ethics
Wind,storm
Wind,leaf
Wind,air
Wind,sun
Wind,weather
Ice,snow
Ice,frost
Ice,cold
Ice,freeze
Ice,water
Sandstorm,dust
Sandstorm,wind
Sandstorm,storm
Sandstorm,heat
Sandstorm,desert
Laser,light
Laser,beam
Laser,focus
Laser,energy
Laser,technology
Magma,volcano
Magma,hot
Magma,earth
Magma,rock
Magma,flow
Peace,war
Peace,violence
Peace,conflict
Peace,harmony
Peace,quiet
Explosion,fire
Explosion,blast
Explosion,shockwave
Explosion,destruction
Explosion,impact
War,peace
War,violence
War,conflict
War,battle
War,destruction
Enlightenment,ignorance
Enlightenment,knowledge
Enlightenment,truth
Enlightenment,awareness
Enlightenment,spirituality
Nuclear Bomb,destruction
Nuclear Bomb,explosion
Nuclear Bomb,death
Nuclear Bomb,blast
Nuclear Bomb,war
Bacteria,contamination
Bacteria,germs
Bacteria,infection
Bacteria,microbe
Bacteria,pathogen
Bacteria,spores
Bacteria,virus
Coal,diamond
Coal,graphite
Coal,obsidian
Coal,quartz
Coal,shale
Coal,siltstone
Coal,stone
Cure,antidote
Cure,medicine
Cure,ointment
Cure,remedy
Cure,solution
Cure,therapy
Cure,treatment
Disease,ailment
Disease,contagion
Disease,fever
Disease,illness
Disease,infection
Disease,sickness
Disease,virus
Earthquake,quake
Earthquake,ripple
Earthquake,seismic
Earthquake,shock
Earthquake,tremor
Earthquake,vibration
Echo,feedback
Echo,resonance
Echo,reverberation
Echo,ringing
Enlightenment,clarity
Enlightenment,illumination
Enlightenment,insight
Enlightenment,understanding
Explosion,bomb
Explosion,burst
Explosion,detonation
Explosion,firework
Fate,doom
Fate,kismet
Fate,lot
Feather,breeze
Feather,gale
Feather,storm
Feather,tornado
Feather,whirlwind
Feather,wind
Flame,bonfire
Flame,candle
Flame,fireplace
Flame,furnace
Flame,lamp
Flame,torch
Gravity,attraction
Gravity,force
Gravity,orbital
Gravity,pull
Gravity,weight
Gun,blunderbuss
Gun,carbine
Gun,pistol
Gun,revolver
Gun,rifle
Gun,shotgun
Ice,glacier
Ice,hail
Ice,sleet
Karma,fate
Karma,rebirth
Karma,transformation
Karma,will
Laser,cut
Laser,pulse
Leaf,branch
Leaf,flower
Leaf,fruit
Leaf,root
Leaf,stem
Leaf,tree
Light,beam
Light,brightness
Light,flash
Light,glow
Light,illumination
Light,radiance
Logic,analysis
Logic,argument
Logic,proof
Logic,reason
Logic,syllogism
Logic,thinking
Magma,crust
Magma,lava
Magma,volcanic
Nuclear Bomb,devastation
Nuclear Bomb,fallout
Nuclear Bomb,impact
Paper,cardboard
Paper,magazine
Paper,manuscript
Paper,notebook
Paper,poster
Paper,receipt
Paper,tissue
Peace,calm
Peace,relaxation
Peace,serenity
Peace,tranquility
Pebble,granite
Pebble,grit
Pebble,limestone
Pebble,marble
Pebble,rock
Pebble,sandstone
Pebble,stone
Robots,android
Robots,artificialintelligence
Robots,automaton
Robots,cyborg
Robots,droid
Robots,machine
Rock,boulder
Rock,clay
Rock,cobble
Rock,gravel
Rock,pebble
Rock,shard
Rock,stone
Rope,cable
Rope,chain
Rope,cord
Rope,strap
Rope,web
Sandstorm,sand
Shadow,darkness
Shadow,dimness
Shadow,night
Shadow,obscurity
Shadow,shade
Shadow,twilight
Shield,armor
Shield,defense
Shield,guard
Shield,helmet
Shield,mail
Shield,plate
Shield,protection
Stone,basalt
Stone,granite
Stone,limestone
Stone,marble
Stone,sandstone
Storm,deluge
Storm,downpour
Storm,shower
Storm,squall
Sword,axe
Sword,cutlass
Sword,dagger
Sword,knife
Sword,machete
Sword,sabre
Sword,scalpel
Thunder,bolt
Thunder,clap
Thunder,crash
Time,calendar
Time,hourglass
Time,minute
Time,second
Time,watch
Twig,branch
Twig,leaf
Twig,root
Twig,shoot
Twig,stick
Twig,vine
Vaccine,antibody
Vaccine,booster
Vaccine,immunization
Vaccine,inoculation
Vaccine,protection
Vaccine,shot
Virus,contagion
Virus,disease
Virus,infection
Virus,microorganism
Virus,pathogen
Virus,plague
War,clash
War,combat
Water,ice
Water,liquid
Water,ocean
Water,pond
Water,pool
Water,saltwater
Water,vapor
Wind,breeze
Wind,gale
Wind,whirlwind
Wind,zephyr
Earthquake,aftershock
Firewood,kindling
Firewood,log
Flame,ember
Flame,smoke
Ice,crystal
Ice,snowstorm
Leaf,bud
Light,flashlight
Light,sunlight
Logic,reasoning
Robots,automation
Robots,mechanical
Robots,programming
Shadow,cloud
Shadow,tree
Storm,thunderstorm
Thunder,flash
Time,change
Time,history
War,battlefield
Water,river
Water,sea
Earthquake,quaking
Earthquake,rupture
Earthquake,shaking
Fate,death
Fate,life
Firewood,stump
Flame,blaze
Flame,flame
Flame,match
Leaf,petal
Paper,notepad
Robots,AI
Robots,mechanism
Shadow,light
Shadow,reflection
Shield,wall
Storm,hurricane
Thunder,bang
Thunder,crack
Time,period
Vaccine,defense
Vaccine,dose
War,chaos
War,strife
War,struggle
Water,stream
Bacteria,organism
Coal,ash
Coal,charcoal
Disease,plague
Feather,cloud
Flame,fire
Leaf,green
Leaf,vine
Paper,letter
Pebble,gravel
Rock,sandstone
Shield,cover
Sword,saber
Twig,stem
Virus,microbeTime,mark
Peace,battery
Tsunami,ember
Apocalyptic Meteor,earth
Entropy,crystal
Time,lock
Gun,flesh
Feather,fire
Feather,flame
Feather,stone
Fire,ice
Fire,rope
Fire,stone
Fire,twig
Flame,stone
Flame,twig
Flame,water
Ice,fire
Ice,twig
Rope,flame
Rope,stone
Rope,twig
Rope,water
Stone,feather
Stone,fire
Stone,flame
Stone,ice
Stone,water
Twig,fire
Twig,stone
Twig,water
Water,feather
Water,flame
Water,stone
Time,anger
